nome;unidade;
POLVILHO AZEDO KG;KG;
POLVILHO DOCE KG;KG;
FARINHA DE UVA KG;KG;
FARIN DE LINHACA DOURADA KG;KG;
FARINHA DE LINHACA MARROM KG;KG;
FARIN DE GRAO DE BICO KG;KG;
FARINHA DE COCO KG;KG;
FARINHA DE MACA KG;KG;
FARINHA DE CHIA KG;KG;
FARIN CAST DE CAJU KG;KG;
FARINHA DE AMENDOIM KG;KG;
AMIDO DE MILHO KG;KG;
FARINHA DE CENTEIO KG;KG;
FARINHA DE TRIGO SARRACENO KG;KG;
FARIN DE ARROZ MOTI KG;KG;
FARINHA DE AVEIA KG;KG;
FARELO DE AVEIA KG;KG;
FARINHA DE ARROZ BRANCA KG;KG;
COOKIES BANANA AVEIA ZERO KG;KG;
FARINHA DE MACA PERUANA KG;KG;
FARINHA DE BERINJELA KG;KG;
FARINHA DE SEMOLINA GR. DURO 1KG RENATA;UN;
FARINHA DE MANDIOCA TIPO1 1KG ZAYA;UN;
FARINHA DE SEMENTE DE ABOBORA KG;KG;
FARINHA ESPINAFRE KG;KG;
FARINHA DE MARACUJA KG;KG;
FARINHA DE BANANA VERDE KG;KG;
POLVILHO CARIMAN DE NINHO KG;KG;
BISC POLVILHO NATURAL KG;KG;
FARIN AMENDOA CRUA ESPAN 100% KG;KG;
FARIN PANKO KG;KG;
FARINHA DE TRIGO DIA A DIA 1KG RENATA;UN;
FARINHA TRIGO Tipo1 1kg   RENATA;UN;
FARIN DE TEMPURA KG;KG;
FARINHA DE ROSCA KG;KG;
FARINHA DE SEMOLINA KG;KG;
FARINHA ESPECIAL S/ GLUTEN BELADRI 1KG;UN;
GOMA XANTANA KG;KG;
GARRI (FARIN MAND FINA TORR) KG;KG;
FARIN DE MANDIOCA FINA TOR KG;KG;
FARINHA DE LIMAO KG;KG;
FARIN DE MILHO AMARELA KG;KG;
FARINHA DE SOJA KG;KG;
FARIN COPIOBA (MANDIOCA AMARELA) KG;KG;
FARIN SUBS OVO - VEGANA KG;KG;
FARINHA DE BATATA DOCE KG;KG;
COOKIES AVEIA E MEL KG;KG;
MIX PRATICO DE FARINHAS 1kg SCHAR;UN;
AVEIA FLOCOS LAMINADA KG;KG;
AVEIA FLOCOS FINOS KG;KG;
FARINHA DE MILHO BRANC KG;KG;
FARINHA DE ARROZ INTEG KG;KG;
FARINHA DE TRIGO 1KG NITA;UN;
FARINHA DE ARROZ URBANO ZERO GLUTEN 1KG;UN;
FARINHA DE TRIGO SEMOLINA FINA KG;KG;
FARINHA DE AMORA LIOFILIZADO KG;KG;
FARINHA D AGUA KG;KG;
FARINHA DE GLUTEN KG;KG;
FARINHA SECA BARRIGA KG;KG;
FARINHA DE DE SORGO KG;KG;
FARINHA CASTANHA DO PARA KG;KG;
FARINHA DE TOMATE KG;KG;
FARINHA DE CHA VERDE KG;KG;
FARINHA DO FEIJAO BRAN KG;KG;
FARINHA DE LARANJA A GRANEL KG;KG;
FARIN DE TRIGO INTEG FINA KG;KG;
FARIN MANDIOCA GROSSA KG;KG;
FARINHA PANKO 1kg KARUI;UN;
FARIN ESPECIAL SEM GLUTEN KG;KG;
GOMA GUAR DURGA KG;KG;
FARINHA COUVE KG;KG;
FARINHA DE GERGELIM KG;KG;
FARIN DE TRIGO INTEG GROSSA KG;KG;
FARINHA DE QUINUA KG;KG;
FARINHA DE BIJU KG;KG;
FARIN PANKO FINA KG;KG;
FARINHA DE CENTEIO KG RYE FLOUR;KG;
FARINHA DE ARROZ KG RICE FLOUR (LOCAL);KG;
FARIN DE TRIGO INTEG FINA KG WHOLE WHEAT COARSE FLOUR;KG;
FARINHA DE TRIGO SEMOLINA FINA KG SEMOLINA (SUJI) COARSE (YELLOW);KG;
FARIN DE GRAO DE BICO KG CHICK PEAS FLOUR/GRAM FLOUR (BESAN);KG;
FARINHA DE MANDIOCA TIPO1 REFIL 1KG ZAYA;UN;
FARINHA ROSCA RAIZEIRO KG;KG;
FARINHA DE TRIGO INT INFIBRA 1kg SELEZIONE;UN;
FARINHA HUMANA RAIZEIRO KG;KG;
COOKIES BANANA E AVEIA C/CHOC KG;KG;
CEREAL CROCK AVEIA FLOCOS MEDIO S/G 1kg;UN;
FARINHA DE TRIGO SARRACENO KG;KG;
FARINHA DE AMENDOA KG RAIZEIRO;KG;
TRIGO GRAO KG;KG;
SEMENTE DE ABOBORA CRUA KG;KG;
SEMENTE DE MOSTARDA KG;KG;
LOURO EM FOLHAS DESID KG;KG;
LIMAO SICILIANO EM TIRAS CRISTALIZADO KG;KG;
LARANJA CRISTALIZADA CASCA KG;KG;
GUARANA EM PO KG;KG;
GENGIBRE CRISTALIZADO KG;KG;
COMINHO EM PO KG;KG;
CEVADA GRAO PEROLIZADA KG;KG;
CEBOLA FRITA CRISPY DESID KG;KG;
CARDAMOMO INTEIRO VERDE KG;KG;
GENGIBRE DESIDRATADO KG;KG;
MORANGO LIOFILIZADO KG;KG;
MORANGO LIOFILIZADO KG;KG;
PAO CARA KG;KG;
PAO DE QUEIJO KG;KG;
PAO FRANCES C/FIBRAS KG;KG;
PAO FRANCES KG;KG;
BROA CAXAMBU KG;KG;
ZIMBRO KG;KG;
BOLACHA ARROZ TOMATE KG;KG;
RECHEIO FORNO DOCE DE LEITE KG;KG;
PAO FRANCES BOLA KG;KG;
CREME DE CONFEITEIRO KG;KG;
CHOC GOTAS 1/2 AMARGO KG;KG;
DAMASCO KG;KG;
PISTACHE S/ CASCA CRU KG;KG;
BOLACHA ARROZ BARBECUE KG;KG;
XEREM DE CAJU KG;KG;
TAMARA S/CAROCO KG;KG;
SUCO VERDE DETOX KG;KG;
SPIRULINA PO KG;KG;
LINHACA ESCURA SEMENTE KG;KG;
SEMENTE DE CHIA KG;KG;
QUINUA VERMELHA EM GRAO KG;KG;
QUINUA BRANCA GRAO KG;KG;
QUINUA PRETA SEMENTES KG;KG;
PIMEN CALABRESA FLOCOS KG;KG;
PEPITA DE ABOBORA TORRADA KG;KG;
OREGANO DESID KG;KG;
MORANGO GLACEADO KG;KG;
MIX DE VEGETAIS KG;KG;
MIX DE FRUTAS VERMELHAS KG;KG;
PIPOCA AMERICANA KG;KG;
MANJERICAO FLOCOS DESID KG;KG;
MANGA DESIDRATADA KG;KG;
MANGA DESIDRATADA C/ACUCAR KG;KG;
LENTILHA VERDE CANAD KG;KG;
LEMOM PEPPER KG;KG;
HORTELA TRITURADA DESID KG;KG;
GRAO DE BICO MEXIC 9mm KG;KG;
GRAO DE BICO MEXICANO 12MM KG;KG;
GLUTAMATO MONOSSODICO (AJINOMOTO) KG;KG;
GERGELIM PRETO KG;KG;
GERGELIM BRANCO S/ PELE KG;KG;
FUNCHO SEMENTE KG;KG;
FENO GREGO MOIDO KG;KG;
FECULA DE BATATA KG;KG;
TAPIOCA GRANULADA KG;KG;
ERVILHA VERDE PARTIDA KG;KG;
ERITRITOL KG;KG;
CURRY EM PO KG;KG;
ACAFRAO DA TERRA PO KG;KG;
CRAVO DA INDIA PO KG;KG;
CRAVO FLOR DA INDIA KG;KG;
COLAGENO HIDROLISADO KG;KG;
COENTRO EM PO KG;KG;
COCO RALADO MEDIO KG;KG;
COCO RALADO FINO KG;KG;
COCO CHIPS CHOC KG;KG;
COCO CHIPS TOSTADO C/ ACUCAR KG;KG;
CHIPS DE COCO NATURAL KG;KG;
CEREJA GLACEADA KG;KG;
CANELA 40/50/60 CENTIMETRO KG;KG;
CACAU EM PO KG;KG;
BLUE BERRIES (MIRTILIO) KG;KG;
BETERRABA PO KG;KG;
ANIS ESTRELADO KG;KG;
ALHO EM PO KG;KG;
ALHO FRITO KG;KG;
ACUCAR DEMERARA NAT ORGANICO KG;KG;
ACUCAR MASCAVO KG;KG;
ACUCAR DE COCO KG;KG;
ABACAXI DESIDRATADO KG;KG;
ABACAXI CRISTALIZADO KG;KG;
PTS GRAUDA NATURAL KG;KG;
DAMASCO TURCO EXTRA JUMBO KG;KG;
DAMASCO RAIZEIRO KG;KG;
DAMASCO TURCO DOCE KG;KG;
MINI PAO DE HAMBURGUER KG;KG;
PTS GRAUDA CARAMELO KG;KG;
PTS GRANULADO BACON KG;KG;
PTS GRANULADO CLARA KG;KG;
TRIGO SARRACENO GRAO KG;KG;
PAO DE TRANCA DOCE KG;KG;
TUBETE CHOC C/AVELA KG;KG;
TUBETE AVELA KG;KG;
TUBETE CHOC KG;KG;
TUBETE BAUNILHA KG;KG;
BOMBOM COB CHOC RECH CHOC/AVELA KG;KG;
PTS GRANULADO CARAMELO KG;KG;
CHOCOLATE EM PO KG;KG;
LINHACA DOURADA SEMENTE KG;KG;
COCADA MINEIRA ESCURA KG;KG;
BANANA COM CHOCOLATE KG;KG;
GLUTAMATO KG;KG;
TRIGUILHO BULGHUR KG;KG;
GOJI BERRY KG;KG;
PEPITA DE ABOBORA CRUA KG;KG;
FEIJAO PRETO KG;KG;
TRIGO PARA QUIBE KG;KG;
PEPITA DE GIRASSOL CRUA KG;KG;
CEBOLA PO KG;KG;
SAGU KG;KG;
CALDO CARNE KG;KG;
CANELA EM PO PURA KG;KG;
MACA SECA KG;KG;
FEIJAO BRANCO ARGENTINO KG;KG;
SOJA GRAO CRUA KG;KG;
BICARBONATO SODIO KG;KG;
LENTILHA VERM PARTIDA KG;KG;
MILHO ESPANHOL MEL E MOSTARDA KG;KG;
SEMENTE GIRASSOL COM CASCA KG;KG;
QUIRELA CANJIQUINHA KG;KG;
LARANJA DESIDRATADA FATIAS KG;KG;
LARANJA CRISTALIZADO KG;KG;
KIWI FATIADO DESIDRATADO KG;KG;
BATATA DOCE CHIPS KG;KG;
ARROZ CATETO INTEGRAL KG;KG;
COCADA MINEIRA BRANCA KG;KG;
COCADA COM MARACUJA KG;KG;
BANANINHA KG;KG;
ABOBORA CRISTALIZADO KG;KG;
FIGO CRISTALIZADO KG;KG;
DOCE LEITE MINAS GERAIS KG;KG;
PE DE MOCA KG;KG;
CANUDINHO DOCE LEITE KG;KG;
PALHA ITALIANA KG;KG;
FIGO C/ DOCE DE LEITE KG;KG;
FRUTS CEREAL KG;KG;
SUCRILHOS NATURAL KG;KG;
AMEIXA MEDIA S/CAR KG;KG;
RICOTA FRESCA TIROLEZ KG;KG;
PRESUNTO SEARA KG;KG;
PEITO DE PERU SADIA KG;KG;
MORTADELA OURO PERDIGAO KG;KG;
MUÇARELA 3 MARIAS KG;KG;
PTS BIFE DE SOJA KG;KG;
COOKIES CHOCOLATE C/ GOTAS KG;KG;
MACA PERUANA KG;KG;
TAPIOCA MASSA PRONTA 1KG DA TERRINHA;UN;
GERGELIM TORRADO KG;KG;
GENGIBRE MOIDO PO KG;KG;
FUMACA EM PO KG;KG;
FUBA MIMOSO MINAS KG;KG;
QUINUA MIX EM GRAO KG;KG;
CACAU EM PO DARK ALCALINO KG;KG;
BICARBONATO AMONIO KG;KG;
FRUTAS CRISTALIZADAS KG;KG;
DRAGEA DE PAO DE MEL C/ CHOC BRANO AO LEITE S/LACTOSE E S/AC KG;KG;
SAIAO KG;KG;
PITANGA FOLHA KG;KG;
ORA PRO NOBIS EM PO KG;KG;
NO DE CACHORRO RAZURADO KG;KG;
MORINGA EM PÓ KG;KG;
MORINGA FOLHA KG;KG;
CARVAO ATIVADO KG;KG;
CAJUEIRO KG;KG;
ARNICA KG;KG;
SENE FOLICOLO KG;KG;
PATA DE VACA KG;KG;
MULUNGU RASURADO KG;KG;
JURUBEBA FOLHAS KG;KG;
CAVALINHA KG;KG;
FOLHA DE AMEIXA KG;KG;
DRAGEA GOURMET DE FRUTAS VERMELHAS S/LACTOSE E S/ACUCAR KG;KG;
DRAGEA TRUFADA DE MACARUJA LIOFILIZADO S/ACUCAR KG;KG;
UVA PASSA RAIZEIRO KG;KG;
LENTILHA AMARELA CANAD INT KG;KG;
UVA PASSA PRETA KG;KG;
CRANBERRY FATIADO KG;KG;
ARROZ BASMATI KG;UN;
PLACA DE MASSA DOCE KG;KG;
CHA VERDE EM PO KG;KG;
TEMPERA TUDO KG;KG;
CAVALINHA EM PO KG;KG;
CHOC BRANCO EM MOEDAS KG;KG;
CHOC GOTAS AO LEITE KG;KG;
MUÇARELA ITALAC KG;KG;
MEL SILVESTRE POTE 1kg MINAMEL;UN;
CHOC EM MOEDAS 1/2 AMARGO KG;KG;
FEIJAO AZUKI KG;KG;
LENTILHA VERMELHA INT KG;KG;
FEIJAO ANDU MINEIRO KG;KG;
MARAPUAMA RASURADA KG;KG;
COGUMELO FUNGHI SECO KG;KG;
MOSTARDA EM PO KG;KG;
TAMARA COM CAROCO KG;KG;
EXTRATO DE SOJA S/ SABOR KG;KG;
ERVILHA COM WASABI KG;KG;
COMINHO GRAO KG;KG;
SEMENTE DE COENTRO KG;KG;
CARDAMOMO EM PO KG;KG;
CALDO DE CAMARAO KG;KG;
FEIJAO DE TRAÇA KG;KG;
CALDO DE BACON PO KG;KG;
CALDO LEGUMES KG;KG;
MACA DESIDRATADA RODELAS KG;KG;
PSYLLIUM KG;KG;
TOMATE SECO CONS KG;KG;
TREMOCO KG;KG;
CONFEITO MM KG;KG;
LEITE EM PO DESNATADO KG;KG;
LEITE EM PO INTEGRAL KG;KG;
CHOC GRANULADO KG;KG;
BALA JUJUBA KG;KG;
DELICADO DORI KG;KG;
MACA DESIDRATADA C/ACUCAR KG;KG;
GENGIBRE CRISTALIZADO EM CUBOS KG;KG;
CATUABA PO GRANEL KG;KG;
GRANOLA TRADIC 1Kg NATUTAL LIFE;UN;
ROSCA DA PENHA KG;KG;
BOLACHA JAPONEZA SEMBEI KG;KG;
BOLACHA AGNUS AVELA KG;KG;
FEIJAO BOLINHA (CANARIO) KG;KG;
TOMATE EM FLOCOS DESIDRATADA KG;KG;
GINSENG PO KG;KG;
FARELO DE TRIGO KG;KG;
PSYLLIUM 60% KG;KG;
PEPITA DE GIRASSOL TORRADA KG;KG;
CANJICA BRANCA KG;KG;
LEVEDURA NUTRIC FLOCOS KG;KG;
BANDEJA DE FRIOS KG;KG;
ACUCAR DE BAUNILHA KG;KG;
CASCARA SAGRADA KG;KG;
CREAMASS MORANGO 3KG POUCH INTEGRAL MEDICA;UN;
CREAMASS CHOCOLATE 3KG POUCH INTEGRAL MEDICA;UN;
CREAMASS COOKIES 3 KG POUCH INTEGRAL MEDICA;UN;
VALERIANA RAIZ KG;KG;
PEITO DE PERU DE SOJA 1.5KG GOSHEN;UN;
LEVEDO DE CERVEJA KG;KG;
VAIDOSA KG;KG;
ROMEU E JULIETA KG;KG;
ZATAR KG;KG;
QUINUA FLOCOS KG;KG;
MANGERONA TRITURADA KG;KG;
GOIABA DESIDRATADA KG;KG;
FUBA ITALIANO KG;KG;
MUÇARELA MONTE VERDE KG;KG;
MORTADELA REZENDE KG;KG;
GOIABA DESIDRATADA C/ ACUCAR KG;KG;
LEVEDURA SECA DE CEREJA KG;KG;
ERVILHA VERDE INTEIRA KG;KG;
ARROZ ARBORIO 1KG LA PASTINA;UN;
ACUCAR DE CONFEITEIRO KG;KG;
ACUCAR IMPALPAVEL KG;KG;
ARROZ PARA PAELLA 1KG LA PASTINA;UN;
LENTILHA MARROM INDIANA KG;KG;
CHOCO CORN KG;KG;
MINI MILHO EM CONS BALDE 2Kg DON PEPE;UN;
FLOCOS DE TRIGO KG;KG;
MIX DE FRUTAS GLACEADAS KG;KG;
CEREJA MARRASQUINO S/ CABO KG;KG;
SEMENTE DE PAPOULA KG;KG;
QUEIJO BRIE BABY KG CRUZILIA;KG;
AVELA TORR C/CASCA KG;KG;
SENE EM PO KG;KG;
WASABI EM PO KG;KG;
ARROZ AROMATICO JASMINE KG;KG;
TRIGUILHO ESCURO KG;KG;
CARDAMOMO INTEIRO VERDE KG;KG;
CHOC GOTAS 70% CALLEBAUT KG;KG;
FLOCOS DE ARROZ CONCHINHA KG;KG;
PAPRICA PICANTE DEFUMADA KG;KG;
KIT DIA DOS PAIS KG;KG;
LEITE DE COCO EM PO VEGANO KG;KG;
PIMEN JAMAICA EM PO KG;KG;
MATCHA POWER KG;KG;
PROVOLONE KG;KG;
MOSTARDA ESCURA EM GRAO KG;KG;
ALHO PORO FLOCOS KG;KG;
BANANA CHIPS COM ACUCAR KG;KG;
NIBS DE CACAU KG;KG;
COENTRO FOLHAS DESID KG;KG;
CEREAL CHOCO BOLL KG;KG;
LIMAO NATURAL KG;KG;
VINAGRETE KG;KG;
ENDRO SEMENTE KG;KG;
ARROZ CATETO MISTO KG;KG;
CEBOLA GRANULADA DESIDRATADA KG;KG;
CEREAL ALL BRAN KG;KG;
ALFARROBA KG;KG;
SNACK PARMESAO KG;KG;
SOPA DE MANDIOQUINHA KG;KG;
SOPA CREME DE CEBOLA KG;KG;
SOPA CREME DE MILHO KG;KG;
CRANBERRY INTEIRO KG;KG;
CHA MATE TOSTADO KG;KG;
ACAI EM PO KG;KG;
CHOCOBOOL COBERTO DE CHOCOLATE KG;KG;
CRISPE DE ARROZ KG;KG;
MANJERICAO FOLHA KG;KG;
BANANA CHIPS NATURAL KG;KG;
COUSCOUS SEMOLINA TIPIAK MEDIO KG;KG;
CONFEITOS DE DAMASCO CHOCOLATE KG;KG;
BARRINHA CHOC DIET S/LACT S/ACUC KG;KG;
POLEM DA ABELHA KG;KG;
CANELA JAVA CASCA KG;KG;
FEIJAO ROXINHO KG;KG;
FAVA BRANCA GRAUDA KG;KG;
PAPRICA PICANTE KG;KG;
CHA VERDE IMPORTADO KG;KG;
JASMIM KG;KG;
GERMEM DE TRIGO TOSTADO KG;KG;
GELATINA PURA EM PO KG;KG;
CHA PRETO KG;KG;
TOMILHO FOLHAS DESID KG;KG;
SOPA CREME DE ALHO PORO KG;KG;
SUCRILHOS ACUCARADOS KG;KG;
BANANA PASSA KG;KG;
SOPA DE FRANGO C/MACARRAO KG;KG;
SOPA CREME DE GALINHA KG;KG;
ARROZ MOTI KG;KG;
CHA VERDE GRANEL KG;KG;
BATATA CHIPS KG;KG;
PO PARA MANJAR KG;KG;
MOSTARDA ESCURA EM PO KG;KG;
SOPA CREME DE CARNE KG;KG;
SOPA CREME DE TOMATE KG;KG;
PAO DE HAMBURGUER KG;KG;
ARROZ P/ RISOTO 1KG LA PASTINA;UN;
SEMENTE DE URUCUM KG;KG;
LECITINA DE SOJA LIQUIDA 1KG;UN;
SUCRALOSE LINEA KG;KG;
COLORAU PENINA KG;KG;
CALDO DE GALINHA KG;KG;
CALDO PEIXE KG;KG;
PAPRICA DOCE DEFUMADA KG;KG;
PAPRICA DOCE EM PO KG;KG;
GRAO DE BICO MOSTARDA E MEL KG;KG;
GERGELIM C/ PELE KG;KG;
CANJICA AMARELA KG;KG;
PALITO CHOCOLATE KG;KG;
CONFEITOS DE UVA PASSA CHOCOLATE KG;KG;
CAPIM CIDRAO KG;KG;
FEIJAO ROSINHA KG;KG;
UXI AMARELO KG;KG;
QUEBRA PEDRA KG;KG;
MUTAMBA KG;KG;
GUACO KG;KG;
GINKOBILOBA FOLHA KG;KG;
GARCINIA KG;KG;
ENXOFRE KG;KG;
CHA VERMELHO KG;KG;
CAPIM ROSARIO KG;KG;
BANCHA FOLHAS KG;KG;
MENTA PIRERETA KG;KG;
JAMBOLAO KG;KG;
ALCAPARRA CAPOTE KG;KG;
PALMIER TRADICIONAL KG;KG;
VINAGRETE RAIZEIRO KG;KG;
QUEIJO COALHO DE BUFALA KG;KG;
PIPICAT GRAN SANIT CLASSIC 4KG KELCO;UN;
PIPICAT GRAN SANIT CAMPESTRE 4KG KELCO;UN;
PIPICAT GRAN SANIT FLORAL 4KG KELCO;UN;
PEDIGREE DRY FILHOTE 1Kg;UN;
PEDIGREE 1KG RACAS PEQ;UN;
PEDIGREE 1KG - CARNE/VEGETAIS;UN;
AMARANTO GRAO KG;KG;
GRANOLA ZERO ACUCAR KG;KG;
GRANOLA COM FRUTAS KG;KG;
TRIGO SARRACENO GRAO CASCA KG;KG;
GRANOLA OVOMALTINE C/CHOCOLATE KG;KG;
FENO GREGO EM GRAO KG;KG;
FEIJAO MONGO MOYASHI KG;KG;
FEIJAO CARIOCA KG;KG;
FAVA RAJADA KG;KG;
AVELA  CRUA S/CASCA KG;KG;
BARRA MOZZARELA BUFALA LANCHE VABENE KG;KG;
QUEIJO MINAS FRESCAL VA BENE KG;KG;
QUEIJO COALHO DE BUFALA VABENE KG;KG;
SHITAKE COGUMELO SECO KG;KG;
MALTO DEXTRINA KG;KG;
GLUTEN DE TRIGO KG;KG;
ALHO GRANULADO DESIDRATADO KG;KG;
ACUCAR DE MACA KG;KG;
QUEIJO MUSSARELA BUFALA EM MANTA VABENE KG;KG;
BATATA PALHA KG;KG;
CONFEITO MM MINI KG;KG;
JATOBA RAZURADO KG;KG;
ARROZ POLIDO ORGANIC A VACUO 1KG;UN;
ACUCAR DEMERARA ORGANICO 1KG;UN;
ACUCAR CRISTAL ORGANICO 1KG;UN;
CHOC EM MOEDAS AO LEITE KG;KG;
MAMAO CRISTALIZADO KG;KG;
QUITOCO KG;KG;
ERVILHA GRAO KG;KG;
BISCOITO LINHACA BANANA E CHOCOLATE KG;KG;
SAZON SABOR AVES KG;KG;
CALDO KNORR SABOR GALINHA KG;KG;
CHOCOLATE GRANULADO ROSA KG;KG;
CHOCOLATE GRANULADO AMARELO KG;KG;
CALDO KNORR CARNE KG;KG;
MACARRAO PARAFUSO INTEGRAL COM ESPINAFRE KG;KG;
MACARRAO PARAFUSO INTEGRAL COM BATATA DOCE KG;KG;
MACARRAO PARAFUSO INTEGRAL COM BETERRABA KG;KG;
MACARRAO MACARONI INTEGRAL KG;KG;
MACARRAO ESPAGUETE INTEGRAL KG;KG;
MACARRAO INTEGRAL PENNE KG;KG;
PROTEINA CONC DE ARROZ 80% KG;KG;
FEIJAO MANTEIGA KG;KG;
FLOCOS DE ARROZ BOLINHA KG;KG;
ALBUMINA PROTEIN KG;KG;
LIMAO  DESID FATIADO KG;KG;
CEBOLINHA VERDE DESID KG;KG;
ALPISTE KG;KG;
ARROZ BASMATI ESPECIAL 1KG URBANO;UN;
QUEIJO MINAS FRESCAL KG;KG;
TOMATE SECO METADES CONS BALDE 2Kg DON PEPE;KG;
LEITE DE SOJA PSA KG;KG;
FIGO TURCO DESID KG;KG;
UVA PASSA CLARA KG;KG;
CREME DE LEITE PIRACANJUBA 1.030KG;UN;
BALA DE BANANA S/ ACUCAR KG;KG;
BANANA CHIPS COM OREGANO KG;KG;
ASSAFETIDA KG;KG;
SOPA MINESTRONE KG;KG;
SOPA CREME DE LEGUMES KG;KG;
SOPA MIX DE COGUMELOS KG;KG;
AVELA TRITURADA KG;KG;
GINKGO BILOBA 60CAPS 500mg 4ELEMENTOS;UN;
MIX DE FRUTAS E VEGETAIS KG;KG;
PEDIGREE 1KG CARN/FRANG;UN;
BOLINHAS DE CHOCOLATE BRANCO E PRETO KG;KG;
CHOCOLIFE SENSES 71% PURO CACAU 1.01KG;UN;
CHOCOLIFE SUPERFOODS PURO CACAU 1.01KG;UN;
CHOCOLIFE 50% CACAU 1.01KG;UN;
PASTA BLANK 1.005KG VITAPOWER;UN;
PASTA MEL PROTEIN 1.005KG VITAPOWER;UN;
PASTA COCO PROTEIN 1.005KG VITAPOWER;UN;
PASTA CACAU PROTEIN 1.005KG VITAPOWER;UN;
MONSTERONE DARKNESS MORANGO POUCH 3Kg INTEGRALMEDICA;UN;
MONSTERONE DARKNESS CHOCOLATE POUCH 3Kg INTEGRALMEDICA;UN;
MONSTERONE DARKNESS BAUNILHA POUCH 3Kg INTEGRALMEDICA;UN;
MALTODEXTRIN 1Kg ATHLETICA;UN;
AFAP RECOVERY MORANGO LIMAO 1.364KG HOPPER;UN;
FORGE WHEY SORV CREME 1.364KG HOPPER;UN;
FORGE WHEY CHOCOLATE 1.364KG HOPPER;UN;
MALTODEXTRIN UVA POUCH 1KG INTEGRALMEDICA;UN;
MALTODEXTRIN MELANCIA POUCH 1KG INTEGRALMEDICA;UN;
MALTODEXTRIN MACA VERDE POUCH 1KG INTEGRALMEDICA;UN;
MALTODEXTRIN LARANJA POUCH 1KG INTEGRALMEDICA;UN;
MALTODEXTRIN GUARANA POUCH 1KG INTEGRALMEDICA;UN;
MALTODEXTRIN LIMAO POUCH 1KG INTEGRALMEDICA;UN;
SINISTER MASS BAUNILHA 3KG INTEGRALMEDICA;UN;
R4:1 RECOVERY POWDER LARANJA 1KG INTEGRALMEDICA;UN;
R4:1 RECOVERY POWDER LIMAO 1KG INTEGRALMEDICA;UN;
CREATINA HARDCORE POUCH 1KG INTEGRALMEDICA;UN;
AFAP RECOVERY FRUTAS AMARELAS 1.364KG HOPPER;UN;
DEXTROZZ SACO 1KG NEUTRO INTEGRALMEDICA;UN;
CALUNGA KG;KG;
GARRAFA GINKGO BILOBA;UN;
CRISPY MIX ORIG KG;KG;
FEIJAO DE CORDA KG;KG;
MASSA PRONTA P/ TAPIOCA PANTANAL 1KG;UN;
ARROZ AGULHINHA 1KG JASMINE;UN;
ARROZ ARBOREO 1KG MANINHO;UN;
COBER CHOCO MEIO AMARGO 1KG NESTLE;UN;
COBER CHOCO AO LEITE 1KG NESTLE;UN;
COBER CHOCO BRANCO MARFIM 1KG NESTLE;UN;
MARMELINHO KG;KG;
MULATEIRO KG;KG;
CHOC EM FLOCOS CALLEBAUT KG;KG;
CHOC GRANULADO CALLEBAUT KG;KG;
BARBATIMAO FOLHA KG;KG;
CHOC EM FLOCOS KG;KG;
ESPADA DE SAO JORGE KG;KG;
GRANOLA ARTESANAL CHOCOLATE KG;KG;
DEZATA NO KG;KG;
TARUMA KG;KG;
ACEROLA EM PO KG;KG;
CENOURA FLOCOS DESIDRATADA KG;KG;
ORA PRO NOBIS KG;KG;
PROTEINA CONC DE ERVILHA KG;KG;
SEMENTE DE ANDIROBA KG;KG;
CAMU-CAMU KG;KG;
MIX DE FAVA KG;KG;
GRANOLA COCO E MACA KG;KG;
CHOCOLATE GRANULADO BRANCO KG;KG;
FAVA TORRADA MOSTARDA E MEL KG;KG;
GERGELIM DESCASCADO E TOSTADO KG;KG;
PINHOLES KG;KG;
BANANA CHIPS COM MEL KG;KG;
ARROZ 7 GRAOS KG;KG;
CRATAEGUS KG;KG;
CHOC GOTAS 80% CALLEBAUT KG;KG;
CALLEBAUT CONFEITO RUBI 47.3% KG;KG;
CALLEBAUT FLOCOS KG;KG;
GRANOLA ARTESANAL S/CANELA  KG;KG;
GRAO DE SORGO KG;KG;
PASTILHAS DE CHOCOLATE CONFEITADAS KG;KG;
ARGILA VERMELHA KG;KG;
ARGILA CINZA KG;KG;
ARGILA ROXA KG;KG;
ARGILA ROSA KG;KG;
ARGILA MEDICINAL PRETA KG;KG;
ARGILA MARROM KG;KG;
CANELA DE VELHO KG;KG;
URTIGA RAIZ KG;KG;
PTS GRANULADO CALABRESA KG;KG;
PITAYA DESID VERMELHA/BRANCA KG;KG;
ZEDOARIA PO KG;KG;
PINHAO ROXO KG;KG;
FECULA DE MANDIOCA KG;KG;
SOJA TORRADA ALHO KG;KG;
FOLHA FEIJAO GUANDU KG;KG;
JAPECANGA KG;KG;
PAU PEREIRA KG;KG;
RUI BARBO KG;KG;
L-ARGININA KG;KG;
AGAR AGAR GELATINA ALGAS KG;KG;
CONFEITOS GRANULADOS KG;KG;
L-VALINA MAT PRIMA KG;KG;
TAURINA MAT PRIMA KG;KG;
PALMA CRISTIAM KG;KG;
CONFEITO MICANGA KG;KG;
CHOCO LOOV VEGANO BRANCO LEITE DE COCO KG;KG;
SNACK PROVOLONE DEFUMADO KG;KG;
FOLHAS AROEIRA KG;KG;
SOPA CREME DE VEGETAIS KG;KG;
BALAS ALGAS AGAR AGAR KG;KG;
HAMAMELIS IMPORTADA KG;KG;
FEDEGOSO FOLHAS KG;KG;
BATATA FLOCOS DESIDRATADA KG;KG;
EQUINACEA PURPUREA KG;KG;
PARA TUDO KG;KG;
BOMBOM COB CHOC BRANCO RECH CHOC/AVELA KG;KG;
XILITOL KG RAIZEIRO;KG;
BISCOITO TRITUR CHOCOLATE KG;KG;
PAO DE MEL COB CHOC AO LEITE KG;KG;
TUBETES SABOR BAUNILHA KG;KG;
TUBETES SABOR CACAU KG;KG;
BISC CARINHO AMANTEIG COB CHOC AO LEITE KG;KG;
CREATINA MONOHIDRATADA KG;KG;
FAROFA DE SOJA KG;KG;
ABOBORA GLACEADA KG;KG;
FIGO GLACEADO KG;KG;
CHOCO LOOV VEGANO LEITE DE COCO KG;KG;
ARROZ INTEGRAL AGULHA MISTO KG;KG;
MOLHO STROGONOFF KG;KG;
KIT PETISCOS KG;KG;
FEDEGOSO SEMENTES KG;KG;
MOLHO QUATRO QUEIJOS KG;KG;
MOLHO PESTO KG;KG;
MOLHO MADEIRA KG;KG;
CHOCOLATE 100% CACAU KG;KG;
GRANOLA LIGHT RAIZEIRO KG;KG;
GRANOLA RAIZEIRO KG;KG;
QUEIJO BUFALA KG MINAS FRESCAL - BIANCO LATTE;KG;
RICOTA BUFALA KG FRESCA - BIANCO LATTE;KG;
MOZZARELLA BUFALA KG BOLA SECA - BIANCO LATTE;KG;
MOZZARELLA BUFALA KG BARRINHA - BIANCO LATTE;KG;
MOZZARELLA BUFALA KG CEREJA SECA - BIANCO LATTE;KG;
AMEIXA C CHOCOLATE KG;KG;
CASQUINHA DE LIMAO KG;KG;
PE DE MOLEQUE KG;KG;
QUEIJO PARMESAO PRETO NATURALIA KG;KG;
CASQUINHA DE LARANJA KG;KG;
CALDO BOLONHESA KG;KG;
QUEIJO PROOSDIJ VINCENT KG;KG;
ABRE CAMINHO KG;KG;
MAO DE DEUS KG;KG;
BETULA KG;KG;
FITOLACA KG;KG;
ROSA BRANCA KG;KG;
ROSA VERMELHA KG;KG;
MOLHO BRANCO KG;KG;
QUEIJO MAASDAM KROON KG;KG;
QUEIJO PROOSDIJ VERMELHO PRIMA DONNA KG;KG;
MOLHO BARBECUE KG;KG;
MOLHO AO SUGO KG;KG;
QUEIJOS ARTESANAIS KG;KG;
TUIA IMPORT KG;KG;
CIPO AZOUGUE KG;KG;
CAATINGA DE MULATA KG;KG;
CORDAO DE FRADE/RUBI KG;KG;
AVENCA KG;KG;
CAPIM GORDURA KG;KG;
MIL EN RAMAS AQUILEIA KG;KG;
CARDO SANTO KG;KG;
CIPO DE SAO JOAO KG;KG;
VERBASCO KG;KG;
CELIDONIA KG;KG;
VERBENA KG;KG;
APERTA RUAM KG;KG;
BUGRE PORANGABA KG;KG;
ARROZ AGULHA INTEGRAL KG;KG;
SENE FOLHAS KG;KG;
CREME DE ALHO KG;KG;
MUCUNA KG;KG;
BALAS URSINHO COM XYLITOL KG;KG;
PICKLES KG;KG;
MANGABEIRA CASCA KG;KG;
BREU KG;KG;
SUCUPIRA CASCA KG;KG;
JOAO DA COSTA RAS KG;KG;
AROEIRA RASURADA KG;KG;
GENCIANA KG;KG;
SEMENTE DE EMBURANA KG;KG;
JEQUITIBA KG;KG;
JURUBEBA RAIZ KG;KG;
FEDEGOSO KG;KG;
BALSAMO KG;KG;
JATOBA FRUTO KG;KG;
CAMBARA KG;KG;
IPECACONHA KG;KG;
CIPO SUMA KG;KG;
TAIUIA KG;KG;
CASCA DE AMEIXA KG;KG;
SEMENTE DE PAU FERRO KG;KG;
CIPO CABOCLO KG;KG;
LAGRIMAS DE NOSSA SENHORA KG;KG;
PROTEINA ISOLADA DE SOJA KG;KG;
FEIJAO JALO KG;KG;
FEIJAO RAJADO KG;KG;
ENDDRO KG;KG;
PEDRA UME KG;KG;
NO DE CACHORRO PO KG;KG;
ARGILA VERDE KG;KG;
SEMOLA DE TRIGO KG;KG;
QUITOSANA KG;KG;
ESTRAGAO KG;KG;
ISOFLAVONA A GRANEL KG;KG;
ENDRO DIO FOLHAS KG;KG;
MARSHMALLOW KG;KG;
CEBOLA FLOCOS KG;KG;
PAU D ALHO KG;KG;
CIPO CRUZ KG;KG;
GOIABA FOLHA KG;KG;
PAU FERRO KG;KG;
ESCADA DE MACACO KG;KG;
ESPINHEIRA SANTA KG;KG;
CHAPEU DE COURO KG;KG;
CANA DO BREJO KG;KG;
STEVIA FOLHAS KG;KG;
SETE SANGRIAS KG;KG;
IPE ROXO KG;KG;
FOLHA DE MANGA KG;KG;
QUEBRA DEMANDA KG;KG;
EUCALIPTO KG;KG;
PAU TENENTE KG;KG;
INSULINA PEDRA UME KAA KG;KG;
TANCHAGEM KG;KG;
GRAVIOLA FOLHAS KG;KG;
CIPO PRATA KG;KG;
ANGICO KG;KG;
LOSNA KG;KG;
CASCA DANTA KG;KG;
CARQUEJA AMARGA KG;KG;
CENTELA ASIATICA KG;KG;
PAU TENENTE LENHO KG;KG;
PARIPAROBA KG;KG;
ABACATEIRO FOLHAS KG;KG;
CANUDOS COB CHOCO KG;KG;
JUA CASCA KG;KG;
CIPO MILOME JARRINHA KG;KG;
GARRA DO DIABO KG;KG;
FUCUS VESICULOSO KG;KG;
PULMONARIA KG;KG;
MANACA KG;KG;
MACELA FLOR KG;KG;
FOLHA DE CAFE KG;KG;
MACELA SEMENTE KG;KG;
MIRRA KG;KG;
BENJOIN KG;KG;
INCENSO RESINA KG;KG;
GUASSATONGA KG;KG;
PARIETARIA KG;KG;
HIPERICO BRASILEIRO KG;KG;
LUPULO KG;KG;
CASCA DE CARVALHO KG;KG;
FEL DA TERRA IMP KG;KG;
CANELA DE SASSAFRAS KG;KG;
RUI BARBO RAIZ KG;KG;
VERGATEZA KG;KG;
SABUGUEIRO IMPORTADO KG;KG;
GENCIANA KG;KG;
ALCACUS KG;KG;
CANFORA PEDRA KG;KG;
CARAPIA RAIZ KG;KG;
ABUTUA KG;KG;
CATUABA CASCA KG;KG;
EMBAUBA KG;KG;
BARDANA KG;KG;
SEMENTE SUCUPIRA GRAUDA KG;KG;
HORTELA FOLHA KG;KG;
MANGERICAO BANHO KG;KG;
QUINA QUINA KG;KG;
AGONIADA KG;KG;
NOGUEIRA KG;KG;
PO DE OSTRA KG;KG;
LARANJEIRA FOLHA KG;KG;
CAROBINHA KG;KG;
QUIXABEIRA KG;KG;
JATOBA CASCA KG;KG;
PICAO BRANCO KG;KG;
UVA URSI KG;KG;
SACO SAC KG;KG;
AMORA MIURA KG;KG;
ASSA PEIXE KG;KG;
POEJO KG;KG;
DOURADINHA DO CAMPO FOLHAS KG;KG;
PANACEIA KG;KG;
CABELO DE MILHO KG;KG;
MASTRUZ KG;KG;
ZEDOARIA KG;KG;
UNHA DE GATO PERUANA KG;KG;
CONGONHA DO CAMPO KG;KG;
ALFAVACA KG;KG;
CARRAPICHO KG;KG;
VELAME DO CAMPO KG;KG;
DANDA DA COSTA KG;KG;
BATATA PURGA KG;KG;
CEDRO ROSA KG;KG;
CIPO CABELUDO KG;KG;
ARNICA DE PENDAO KG;KG;
CHA BRANCO KG;KG;
MAMICA DE CADELA KG;KG;
CONGONHA DE BUGRE KG;KG;
JABORANDI FOLHA KG;KG;
CALENDULA KG;KG;
SOJA TORRADA NATURAL KG;KG;
ARGILA MEDICINAL BRANCA KG;KG;
CANELA PO C/ACUCAR KG;KG;
AMEIXA GRAUDA S/CAR KG;KG;
SEMENTE MELANCIA KG;KG;
CIPO CRAVO KG;KG;
MENTA KG;KG;
AGAR AGAR PO MEDICINAL KG;KG;
RACAO HUMANA RAIZEIRO KG;KG;
MIX DE FIBRAS RAIZEIRO KG;KG;
COMP SEXUAL KG;KG;
SAB AROEIRA KG;KG;
SOPA CREME DE ESPINAFRE KG;KG;
MASTRUZ POM KG;KG;
SOPA CREME DE CENOURA KG;KG;
SOPA CREME DE BETERRABA KG;KG;
CHOCOLATE GRANULADO S/LACTOSE KG;KG;
SUPER CHA KG;KG;
CACTUS INDIANO KG;KG;
CIRCULACAO KG;KG;
CHLORELLA KG;KG;
DOLOMITA KG;KG;
ARROZ INT VERMELHO KG;KG;
BISC CANELINHA KG;KG;
CHOCONATA KG;KG;
LOURO MOIDO KG;KG;
FEIJAO FRADINHO KG;KG;
FEIJAO VERMELHO ROXAO KG;KG;
HI - BLEND PROTEIN SORV DE BAUNIL 1.8KG LEADER NUTRI;UN;
HI - BLEND PROTEIN BANANA SPLIT 1.8KG LEADER NUTRI;UN;
HI - BLEND PROTEIN BROW DE CHOCO 1.8KG LEADER NUTRI;UN;
HI - BLEND PROTEIN MORANGO 1.8KG LEADER NUTRI;UN;
HI - BLEND PROTEIN DOCE DE LEITE 1.8 KG LEADER NUTRITION;UN;
HI - BLEND PROTEIN COCO 1.8 KG LEADER NUTRITION;UN;
HI - BLEND PROTEIN BRIGADEIRO 1.8 KG LEADER NUTRITION;UN;
FAVA BRANCA MIUDA KG;KG;
AMACIANTE DE CARNE KG;KG;
AZEITONA VERDE S/CAR CONS BALDE 2Kg DON PEPE;KG;
KIMCHI EM PO KG;KG;
TOMATE SECO METADES KG;KG;
ACIDO CITRICO KG;KG;
MIX DE FRUTAS SECAS KG;KG;
CAFE REI DO CAFE KG;KG;
CREME DE CEBOLA KG;KG;
KUMMEL KG;KG;
LENTILHA NEGRA BELUGA INT KG;KG;
ARROZ NEGRO KG;KG;
PAINCO KG;KG;
ALFAZEMA AZUL KG;KG;
GINISA FLAVOR SEASONING MIX KG;KG;
SOPA DE TAMARINDO KG;KG;
TAMARINDO EM PO KG;KG;
GINKOBILOBA PO KG;KG;
BOMBOM RECH CHOC AVELA KG;KG;
RAIZ DE LOTUS KG;KG;
PASSIFLORA FOLHA MARACUJA KG;KG;
MELAO DE SAO CAETANO KG;KG;
DAMIANA KG;KG;
CIPO MIL HOMENS KG;KG;
CAPIM COLONIA KG;KG;
GUINE KG;KG;
ROMA CASCA KG;KG;
PICAO PRETO KG;KG;
MELISSA KG;KG;
ANGELICA KG;KG;
CHIPS MANDIOCA KG;KG;
CASCA DE SERIGUELA KG;KG;
AMEIXA MEDIA S/CAR KG;KG;
AMEIXA RAIZEIRO KG;KG;
AMEIXA S/CAR KG;KG;
QUEIJO GORGONZOLA TIROLEZ KG;KG;
MUSSARELA LIGHT ABRE FACIL KG;KG;
QUEIJO COALHO TIROLEZ KG;KG;
QUEIJO MUSSARELA LANCHE LIGHT Z/LACTOSE KG;KG;
QUEIJO LANCHE LIGHT ZERO LACTOSE TIROLEZ KG;KG;
QUEIJO PRATO TIROLEZ KG;KG;
BISCOITO DE LINHACA NATURAL KG;KG;
BISC PRESTIGIO KG;KG;
CIDRA CRISTALIZADA KG;KG;
BOLACHA AGNUS KG;KG;
GLUTAMINA KG;KG;
MONSTERONE CHOCOLATE 3KG DK;UN;
BOLACHA  SEMBE c/ CHOCO KG;KG;
SNACK PROVOLONE ROMEU E JULIETA KG;KG;
MARAPUAMA PO KG;KG;
CREAMASS BAUNILHA 3KG INTEGRAL MEDICA;UN;
SEMENTE SUCUPIRA MIUDA KG;KG;
JALAPA CASCA KG;KG;
TRIBULUS TERRESTRE KG;KG;
SAMAMBAIA FOLHA KG;KG;
RUIBARBO RAIZ KG;KG;
RUBI FOLHA KG;KG;
MALVA FOLHA KG;KG;
GINSENG RAIZ KG;KG;
OLIVEIRA FOLHAS KG;KG;
ARRUDA KG;KG;
ALCACHOFRA FOLHA KG;KG;
MILHO ED KG;KG;
MACA PERUANA PRETA EM PO KG;KG;
JACA CHIPS KG;KG;
AMARANTO FLOCOS KG;KG;
QUEIJO MEIA CURA KG;KG;
MORTADELA TRAD AURORA KG;KG;
PEITO DE PERU REZENDE KG;KG;
PEITO DE PERU PERDIGAO KG;KG;
PEITO DE PERU SEARA KG;KG;
PRESUNTO REZENDE KG;KG;
PRESUNTO PARMA DESOSSADO SEARA KG;KG;
PRESUNTO SADIA KG;KG;
MUÇARELA LIGHT TIROLEZ KG;KG;
MUÇARELA ZERO LACTOSE TIROLEZ KG;KG;
MUCARELA SOBERANO KG;KG;
MUÇARELA NILZA KG;KG;
MUÇARELA 3 MARIAS S/LACTOSE KG;KG;
MUÇARELA TIROLEZ KG;KG;
MUCARELA PJ KG;KG;
MUCARELA PRESIDENT KG;KG;
MUCARELA Z/LACTOSE LEV LIFE PJ KG;KG;
MUCARELA S/LACTOSE MULLER KG;KG;
MORTADELA TRAD MARBA KG;KG;
QUEIJO MINAS FRESCAL ZERO LACTOSE CURRAL DE MINAS KG;KG;
QUEIJO MINAS PADRAO ZERO LACTOSE CURRAL DE MINAS KG;KG;
QUEIJO MINAS LIGHT  MINAS CURRAL KG;KG;
QUEIJO MINAS FRESCAL CURRAL DE MINAS KG;KG;
BARBATIMAO CASCA KG;KG;
ALFAFA KG;KG;
ALECRIM FOLHAS DESID KG;KG;
TILIA KG;KG;
PACOVA KG;KG;
CASCA DE EMBURANA KG;KG;
CARDO MARIANO KG;KG;
ACOITA CAVALO KG;KG;
ARTEMIZIA KG;KG;
JUREMA PRETA CASCA KG;KG;
PAO 100% INTEGRAL KG;KG;
PAO INTEGRAL DIET KG;KG;
ALHO LAMINADO DESIDRATADO KG;KG;
QUEIJO PARMESAO PRETO KG;KG;
MINHOCA CITRICA FINI KG;KG;
DENTADURAS FINI KG;KG;
BEIJOS DE MORANGO FINI KG;KG;
BANANAS FINI KG;KG;
CHUMBINHO CHOCOLATE KG;KG;
ERVILHA AMARELA PARTIDA KG;KG;
ABACAXI C/ACUCAR KG;KG;
MIX DE FRUTAS TROPICAIS KG;KG;
TORRADINHA ALHO KG;KG;
BEIJINHO KG;KG;
MENTIRINHA KG;KG;
BISCOITO BAMBOLE KG;KG;
BOLACHA AGNUS PISTACHE KG;KG;
BISCOITO GRAVATA KG;KG;
BISCOITO DE NATA KG;KG;
BATATA LIMAO PEPPER KG;KG;
BATATA EDU GUEDES KG;KG;
QUEIJO PRATO LANCHE TIROLEZ KG;KG;
CONFEITOS DE CRANBERRY CHOCOLATE KG;KG;
CONFEITOS LICOR DE CONHAQUE KG;KG;
CONFEITOS DE WAFFER AO LEITE KG;KG;
CONFEITOS DE BANANA CHOCOLATE KG;KG;
PROTEINA SORO LEITE ISOLADA 90% KG;KG;
ARROZ JASMINE KG;KG;
FIBRA DE GLUCOMANANO KG;KG;
CUPUACU DESIDRATADO KG;KG;
ALGODOEIRO KG;KG;
FIGATIL KG;KG;
PIAO ROXO KG;KG;
MACA DE ELEFANTE KG;KG;
MASS TITANIUM REFIL 3KG BAUN V01 MAX TITANIUM;UNID;
MASS TITANIUM REFIL 3KG CHOC V01 MAX TITANIUM;UNID;
BOMBOM RECH CHOC AVELA COB SABOR CHOC BRANCO KG;KG;
AMORAS FINI KG;KG;
SOJA PARTIDA KG;KG;
MACA PERUANA VERMELHA EM PO KG;KG;
GRAO DE BICO 7mm KG;KG;
KAWA KAWA KG;KG;
FOLHA DA FORTUNA KG;KG;
DENTE DE LEAO KG;KG;
CONFREI KG;KG;
AROEIRA CASCA KG;KG;
LEVANTE KG;KG;
ALECRIM DO CAMPO KG;KG;
CHA OOLONG KG;KG;
MERLUZA KG;KG;
TRUFAS OCAS CHOC AO LEITE KG;KG;
BATATA MEXICANA KG;KG;
REQUEIJAO BARRA CREMOSO CURRAL DE MINAS KG;KG;
QUEIJO PROVOLONE DEFUMADO CURRAL DE MINAS KG;KG;
QUEIJO ESTEPE CURRAL DE MINAS KG;KG;
QUEIJO GOUDA FRACIONADO CURRAL DE MINAS KG;KG;
TUBES MORANGO FINI KG;KG;
URSINHO BRILHO FINI KG;KG;
MONSTERONE BAUNILHA 3KG DK;UN;
ALFAZEMA KG;KG;
MACARRAO PENNE ESPINAFRE KG;KG;
MACARRAO PENNE BETERRABA KG;KG;
COMPOSTO DE TRIBULUS 60/40 KG;KG;
PEITO DE PERU DE SOJA 1Kg GOSHEN;UN;
SOPA CREME DE GALINHA C/ MACARRAO KG;KG;
TORRADA ANA MARIA KG;KG;
TORRADA EDU GUEDES KG;KG;
KIT NATAL RAIZEIRO KG;KG;
PAO DE MANDIOCA CASEIRO KG;KG;
KIT ANO NOVO RAIZEIRO KG;KG;
MINI PAO CARA KG;KG;
HUMAMELIS KG;KG;
GLUTAMINE NATURAL POUCH 1Kg INTEGRALMEDICA;UN;
MACUNA EM PO KG;KG;
REFIL MALTODEXTRIN TURBO GUARANA 1KG BLACK SKULL;UN;
REFIL MALTODEXTRIN TURBO s/SABOR 1KG BLACK SKULL;UN;
REFIL MALTODEXTRIN TURBO LIMAO 1kg BLACK SKULL;UN;
REFIL MALTODEXTRIN TURBO LARANJA 1KG BLACK SKULL;UN;
REFIL MALTODEXTRIN TURBO TUTTIFRUTTI 1kg BLACK SKULL;UN;
GRANULADO GOURMET KG;KG;
MASSA NITRO REFIL MORANGO 2,52kg PROBIOTICA;UN;
MASSA NITRO REFIL CHOCOLATE 2,52kg PROBIOTICA;UN;
MASSA NITRO REFIL BAUNILHA 2,52kg PROBIOTICA;UN;
ANIS ESTRELADO EM PO KG;KG;
TORRADA PEGA ESPOSA KG;KG;
MINI CROISSANT CHOC KG;KG;
MINI CROISSANT FRANGO C/REQUEIJAO KG;KG;
MINI CROISSANT GOIABADA KG;KG;
CARDAMOMO INTEIRO VERDE KG CARDAMOM GREEN;KG;
SEMENTE DE ABOBORA TORRADA S/C KG;KG;
SUPER GAINERS REFIL MORANGO 3KG MAX TITANIUM;UN;
SUPER GAINERS REFIL CHOCOLATE 3KG MAX TITANIUM;UN;
SUPER GAINERS REFIL BAUNILHA 3KG MAX TITANIUM;UN;
MASS TITANIUM REFIL 3KG MORAN V01 MAX TITANIUM;UNID;
BARRINHA BANANA S/ACUCAR KG;KG;
QUEIJO PRATO ESFERICO FRACIONADO CURRAL DE MINAS KG;KG;
QUEIJO PARMESAO FRACIONADO CURRAL DE MINAS KG;KG;
QUEIJO MUSSARELA LIGHT CURRAL DE MINAS KG;KG;
HI BLEND PROTEIN SABOR CREME DE AVELA 1,8kg LEADER NUTRIT;UN;
HI BLEND PROTEIN SABOR COOKIES & CREAM 1,8kg LEADER NUTRIT;UN;
QUEIJO REINO FRACIONADO CURRAL DE MINAS KG;KG;
PAO DE ROSCA DOCE KG;KG;
PAO PORTUGUES KG;KG;
PAO CIABATTA KG;KG;
BOLACHA DE ARROZ QUEIJO KG;KG;
STEVIA PO KG;KG;
MAMAO DESIDRATADO EM PO KG;KG;
BALA DE COCO KG;KG;
MINI PAO 100% INTEGRAL KG;KG;
PAO DE MEL KG;KG;
COCO CHIPS TOSTADO S/ACUCAR KG;KG;
TORRADA INTEGRAL KG;KG;
TORRADA C/FIBRAS KG;KG;
FEIJAO ANDU BAIANO KG;KG;
QUINOA BRANCA CRISPY KG;KG;
FEIJAO ANDU BAIANO KG;KG;
BANANADA RAIZEIRO KG;KG;
GRAO DE BICO TORR MOSTARDA E MEL KG;KG;
GOIABADA RAIZEIRO KG;KG;
TORRADA DOCE KG;KG;
XILITOL KG;KG;
PAO DE GOIABADA KG;KG;
PAO DE DOCE DE LEITE KG;KG;
PICKLES KG;KG;
BIOMASSA DE BANANA VERDE ORG 1KG VILLA CERRONI;UN;
BIOMASSA DE BANANA VERDE POLPA ORG 1KG VILLA CERRONI;UN;
TAIUIA RASURADO KG;KG;
LEVISSIMO SEARA KG;KG;
CREME DE GOIABADA KG;KG;
BROA DE MILHO KG;KG;
LEITE DE COCO EM PO KG;KG;
BANANA CHIPS COM LEMON PEPPER KG;KG;
QUEIJO PRATO ZERO LACTOSE TIROLEZ KG;KG;
MOSTARDA ESCURA GRAO KG MUSTARD SEEDS (BROWN);KG;
FENO GREGO EM GRAO KG METHI SEEDS (FENUGREEK);KG;
ALHO EM PO KG GARLIC POWDER;KG;
FUNCHO KG FENNEL SEEDS;KG;
CURRY EM PO KG CURRY POWDER;KG;
COMINHO GRAO KG CUMMIN SEEDS (JEERA);KG;
COMINHO EM PO KG CUMMIN POWDER;KG;
SEMENTE DE COENTRO KG CORIANDER SEEDS;KG;
GENGIBRE MOIDO PO KG GINGER POWDER;KG;
COENTRO EM PO KG CORIANDER POWDER;KG;
COENTRO FOLHAS DESID KG CORIANDER (DRY LEAVES);KG;
CANELA EM PAU KG CINNAMON STICKS;KG;
CALDO DE PEIXE KG BOUILLON FISH POWDER;KG;
BICARBONATO DE SODIO KG BAKING SODA/SODIUM BICARBONATE;KG;
SEMENTE DE URUCUM KG ANNATO SEEDS;KG;
CALDO CARNE KG BOUILLON BEEF POWDER;KG;
CALDO DE BACON PO KG BOUILLON BACON POWDER;KG;
FEIJAO VERMELHO ROXAO KG BEANS RED KIDNEY (RAJMA);KG;
SOJA EM GRAO KG SOYA BEAN DRY;KG;
SAGU KG SAGO (SABUDANA);KG;
FLOCOS DE ARROZ (POHA) KG POHA (PRESSED RICE);KG;
ERVILHA AMARELA PARTIDA KG PEAS YELLOW SPLIT (TOOR DAL);KG;
ERVILHA VERDE PARTIDA KG PEAS GREEN SPLIT;KG;
ERVILHA VERDE INTEIRA KG PEAS GREEN WHOLE;KG;
PARIRI KG;KG;
CEVADA GRAO PEROLIZADA KG PEARL BARLEY;KG;
LENTILHA VERMELHA INT KG LENTILS RED WHOLE (MASOOR DAL);KG;
LENTILHA VERM PARTIDA KG LENTILS RED SPLIT (MASOOR DAL);KG;
LENTILHA VERDE CANAD KG LENTILS GREEN WHOLE;KG;
CACAU EM PO KG COCOA POWDER (70% COCOA);KG;
GRAO DE BICO MEXIC 9mm KG CHICK PEAS/KABULI CHANNA;KG;
TRIGUILHO BULGHUR KG BURGHUL/BOILED AND POUNDED WHEAT;KG;
HAMBURGAO KG;KG;
TRIGO SARRACENO GRAO KG BUCKWHEAT PEELED;KG;
FEIJAO MONGO MOYASHI KG BEANS, MOONG WHOLE (WHOLE GREEN GRAM);KG;
FAVA BRANCA GRAUDA KG BEANS BUTTER WHITE;KG;
CHA PRETO KG TEA LOOSE BLACK;KG;
SHITAKE COGUMELO SECO KG MUSHROOM DRY (SHIITAKE);KG;
GELATINA PURA EM PO KG GELATIN UNFLAVORED;KG;
FRUTAS CRISTALIZADAS KG CANDIED FRUITS IN CUBE;KG;
TAMARA S/CAROCO KG DATES DRY PITTED;KG;
BOLO OURO BRANCO KG;KG;
BOLO AMOR CARIOCA KG;KG;
HOT DOG DUPLO  KG;KG;
ESFIRRA DE CARNE KG;KG;
FOLHA DE MAMAO KG;KG;
PERENGUN KG;KG;
TORRADA DOCE C/CHOC KG;KG;
HI - BLEND PROTEIN LEITE CREMOSO 1,8kg LEADER NUTRI;UN;
MATCHA GENGIBRE/LIMAO KG;KG;
MACA DESIDRATADA MOIDA (FIBRA) KG;KG;
ADOCANTE DIETETICO PALAZZO KG;KG;
QUEIJO COALHO ESPETO KG QUATA;KG;
KIT PAELLA KG;KG;
ARROZ GOHAN Kg;KG;
REFIL MASS GAINER MORANGO 3Kg BLACK SKULL;UN;
REFIL MASS GAINER COOKIES CREAM 3Kg BLACK SKULL;UN;
REFIL MASS GAINER CHOCOLATE 3Kg BLACK SKULL;UN;
REFIL MASS GAINER BAUNILHA 3Kg BLACK SKULL;UN;
REFIL WAXY MAIZE TURBO s/SABOR 1KG BLACK SKULL;UN;
MELISSA IMPORTADA  KG;KG;
BANANA PALHA KG;KG;
Arame Plastificado KG;UN;
TORRADA OREGANO KG;KG;
TORRADA ALECRIM KG;KG;
TORRADA LEMOM PEPPER KG;KG;
NATA DE SOJA 1kg GOSHEN;UN;
LEITE EM PO ZERO LACTOSE KG;KG;
LOMBO DEFUMADO NOBRE KG;KG;
MINI PAO FRANCES KG;KG;
COMINHO FECULADO EM PO KG;KG;
ALGODAO RASURADO KG;KG;
MEIA DA ASA 1kg SEARA;UN;
PALETA DEFUMADA DELI GOURMET KG;KG;
MISTINHO KG;KG;
ESFIRRA ABERTA KG;KG;
BAGUETE DE TRANCA KG;KG;
ESFIRRA KG;KG;
BAGUETE KG;KG;
SINISTER MASS COOKIES 3kg INTEGRAL MEDICA;UN;
CAVACA DE GOIABA KG;KG;
ARAME PLASTICO BRANCO KG;KG;
INOSITOL KG;KG;
MEL SILVESTRE 1,25Kg MIROMEL;UN;
GORGONZOLA QJ AZUL SAO VICENTE KG;KG;
CUPUACU EM PO KG;KG;
TAPIOCA MASSA PRONTA KG;KG;
ISCA DE PEIXE 1KG INCRIVEL;UN;
MUSSARELA LANCHE Z/LACTOSE LEV LIFE KG;KG;
ACAI FRUTHOS NAT 1.02Kg KASCAO;UN;
RAPADURA MINEIRA JR 1.6Kg;UN;
SONHO DE DOCE DE LEITE KG;KG;
SONHO DE CREME KG;KG;
MINI CARA DOCE KG;KG;
PAO DE ROSCA FECHADA KG;KG;
PAO BAGUETE KG;KG;
TORRADAS CASEIRA KG;KG;
LOMBO CANADENSE SEARA KG;KG;
PAO DE FRIOS KG;KG;
PAO DOCE KG;KG;
CHOCO VEG PARA/ACAI KG;KG;
CHOCO VEG BARU KG;KG;
CHOCO VEG BAN/CARV ATIV KG;KG;
CABREUVA KG;KG;
MOLHO OSTRA 2,2kg KUM CHUN;UN;
QUEIJO MINAS MEIA CURA Kg CRUZILIA;KG;
FRANGO S/ MIUDOS ORG SEARA - KG;KG;
TREMOCO PREMIUM KG;KG;
BATATA PALITO 2kg SEARA;UN;
CANELA QUEBRADA KG;KG;
MIX RAIZEIRO KG;KG;
TEMP LIMAO SICILIANO COND KG;KG;
TOFU DEFUMADO UAI TOFU KG;KG;
TOFU FRESCAL UAI TOFU KG;KG;
CATINGA DE MULATA KG;KG;
PE DE MOCA TONY KELLY KG;KG;
DOCE DE BANANA NO COPINHO KG;KG;
MARIA MOLE KG;KG;
PINGO DE LEITE KG;KG;
PE DE MOLEQUE CROCANTE KG;KG;
PE DE MOLEQUE KG;KG;
DOCE CORACAO MISTO KG;KG;
SABAO DE COCO PO 1KG MILAO;UN;
ACUCAR DEMERARA ORG 1kg NATIVE;UN;
CHA MISTO KG;KG;
QUEIJO MINAS PADRAO Kg CRUZILIA;KG;
QUEIJO GORGON PREMI AZUL Kg CRUZILIA;KG;
QUEIJO PARMESAO Kg CRUZILIA;KG;
QUEIJO MINAS FRESCAL Kg CRUZILIA;KG;
QUEIJO COALHO ESPETO KG CRUZILIA;KG;
QUEIJO GOUDA KG CRUZILIA;KG;
QUEIJO CAMEMBERT BABY KG CRUZILIA;KG;
QUEIJO CACCIO CAVALLO KG LAC LELO;KG;
QUEIJO COLONIAL KG LAC LELO;KG;
QUEIJO GORGONZOLA KG CRUZILIA;KG;
HIPERCALORICO CHOCO 1,5Kg TOPWAY;UN;
HIPERCALORICO MORAN 1,5Kg TOPWAY;UN;
HIPERCALORICO BAUN 1,5Kg TOPWAY;UN;
SINISTER MASS MERENGUE 3Kg INTEGRALMEDICA;UN;
WHEY 100% PURE COOKIES POUCH 1,8Kg INTEG MEDICA;UN;
SINISTER MASS MORANGO 3KG INTEGRALMEDICA;UN;
SINISTER MASS CHOCO 3KG INTEGRALMEDICA;UN;
GOIABADA CASCAO CASEIRA KG;KG;
CHA FRUIT EXPLOSION RAIZEIRO KG;KG;
MUCUNA PRETA KG;KG;
GRANOLA ARTESANAL C/CANELA  KG;KG;
GOIABADA CASCAO CASEIRA KG;KG;
ARROZ THAI AROMATICO JASMIM 1KG;UN;
MEL FLORES SILVESTRES AP.BREDA 1KG;UN;
CREATINA DARKNESS 1KG INTEGRALMÉDICA;UN;
COOKIES CHOCOLATE KG;KG;
MIX DE FRUTAS MANGA E PESSEGO KG;KG;
MINHOCAS BRILHO FINI KG;KG;
ALMONDEGA VEGETARIANA 6PT 1kg 325g MR. VEGGY;UN;
GOIABADA CASCAO CASEIRA KG;KG;
ZIMBRO INDIANO KG;KG;
MEIO DA ASA 1kg SEARA;UN;
FILEZINHO TEMPERADO 1kg SEARA;UN;
INGREDIENTES PARA FEIJOADA 1kg SEARA;UN;
MAMONA KG;KG;
AQUILEIA KG;KG;
FIESTA DESOSSADO SEARA KG;KG;
TENDER BOLINHA SUINO SEARA KG;KG;
MALTODEXTRIN LIMA LIMAO 1Kg ATHLETICA;UN;
MALTODEXTRIN LARANJA C/ACEROLA 1Kg ATHLETICA;UN;
SINISTER MASS 3kg VITAMINA DE FRUTAS INTEGRAL MEDICA;UN;
NIM INDIANO KG;KG;
HI BLEND PROTEIN SABOR CHOC 1,8kg LEADER NUTRIT;UN;
GORGONZOLA TIROLEZ KG;KG;
FECULA DE ARARUTA KG;KG;
RONDELLI DUETO PRESUNTO/MUSSARELA 1KG DONA ANA;UN;
RONDELLI DUETO 4 QUEIJOS 1KG DONA ANA;UN;
RONDELLI DUETO FRANGO/REQUEIJAO 1KG DONA ANA;UN;
GINKGO BILOBA EM PO KG;KG;
ADOCANTE USE METADE DIET 1KG PALAZZO;UN;
QUEIJO MINAS FRESCAL KG;KG;
SEMENTE DE PAPOULA KG;KG;
SEMENTE DE PAPOULA KG;KG;
AMORA KG;KG;
PALMIER CANELA KG;KG;
SEMENTE DE PAPOULA KG;KG;
CLINICMAIS GINKGO BILOBA 60CAPS 500MG;UN;
GOTAS MOEDAS 1.05 CHOCOLATE KG;KG;
ALHO PO KG;KG;
COLAGENO HIDROLISADO RAIZEIRO KG;KG;
MILHO MEL/MOSTARDA KG RAIZEIRO;KG;
DAMASCO DOCE KG RAIZEIRO;KG;
XEREM A KG RAIZEIRO;KG;
ACUCAR DEMERARA KG;KG;
MIX DE FRUTAS KG;KG;
PGRAO DE BICO MERX KG;KG;
CIPO CRUZ KG;KG;
FOLHA DE GOIABA KG;KG;
TRIBULLUS TERRESTRE KG;KG;
GRANOLA SALGADA KG;KG;
TEMPERO EDU GUEDES KG;KG;
SAL MARINHO FINO 1kg SPICES;UN;
ALHO CEBOLA E SALSA KG;KG;
MACADAMIA S/ SAL KG;KG;
SALSINHA DESIDRATADA KG;KG;
PIMENTA CAYENA EM PO KG;KG;
CURCUMA EM PO PURA KG;KG;
CHIMICHURRI S/PIMEN KG;KG;
CHIMICHURRI C/PIM RAIZEIRO KG;KG;
SAL HIMALAIA FINO KG;KG;
CHIMICHURRI KG;KG;
PIMENTA DESIDRATADA KG;KG;
PIMENTA CALABRESA EM PO KG;KG;
TEMPERO SIRIO KG;KG;
TAMARA SALOMAO C/CAR KG;KG;
SAL NEGRO DO HIMALAIA GROSSO KG;KG;
PIMENTA PRETA EM PO KG;KG;
PIMENTA PRETA EM GRAO KG;KG;
PIMENTA BRANCA EM PÓ KG;KG;
PIMENTA BRANCA GRAO KG;KG;
CHIMICHURRI DEFUMADO KG;KG;
PIMENTA SIRIA GRAO KG (JAMAICA) KG;KG;
ANA MARIA TEMPERO KG;KG;
TEMPERO PEGA MARIDO KG;KG;
SOJA TORRADA SALSA CEBOLA KG;KG;
TEMPERO PARA FALAFEL KG;KG;
SAL DE PARRILLA C/ ERVAS FINAS KG;KG;
SAL MARINHO MOIDO KG;KG;
TEMPERO TOCINO MIX KG;KG;
PIMENTA BIQUINHO KG;KG;
AZEITONA VERDE CONS RECH c/ PIMENTAO KG;KG;
FLOR DE SAL KG;KG;
SAL MARINHO 1kg VITAO;UN;
PISTACHE TORR SALG C/CASCA KG PISTACHIO WITH SHELL TOASTED AND SALTED;KG;
TEMPERO MINEIRO EM FLOCOS KG;KG;
TEMPERO FIT KG;KG;
PEPITA ABOBORA TORRADA C/SAL KG;KG;
AZEITONA VERDE CONS RECH c/ PIMENTAO BALDE 2Kg DON PEPE;KG;
PIMENTA BRANCA GRANULADA KG;KG;
TEMPERO VEGETABLE MASALA KG;KG;
GRAO DE BICO TORR SALG KG;KG;
TEMPERO SUMAC PÓ KG;KG;
BANANA CHIPS COM SAL KG;KG;
SAL NEGRO DO HIMALAIA FINO KG;KG;
PIMENTA PRETA GRANULADA KG;KG;
TEMPERO TANDOORI CHICKEN MASALA KG;KG;
SALVIA FLOCOS KG;KG;
TEMPERO RAJMA MASALA KG;KG;
CURCUMA RAIZ KG;KG;
PIMENTA ROSA KG;KG;
SALVIA EM PO KG;KG;
PISTACHE TORR SALG C/CASCA KG;KG;
SEM. ABOBORA C/SAL TORR KG;KG;
PEPITA DE GIRASSOL TORRADA C/SAL KG;KG;
ALHO CEBOLA BACON SALSA E TOMATE KG;KG;
TEMPERO PARA FEIJAO KG;KG;
MILHO TORRADO E SALGADO KG;KG;
SAL MARINHO GROSSO KG;KG;
SAL PARRILLA CHURRASCO BR SPICES 1.1KG;UN;
SAL PARRILLA CHUR P.REINO BR SPICES 1.04KG;UN;
SAL PARRILLA CHURRASCO C/CHIMIC BR SPICES 1.01KG;UN;
SAL PARRILLA CHURRASCO C/ALHO BR SPICES 1.015KG;UN;
SAL AMARGO SULFATO DE MAGNESIO KG;KG;
SAL MARINHO GROSSO 1KG SMART;UN;
MIX DE PIMENTA EM GRÃO KG;KG;
SOJA TORRADA COM SAL KG;KG;
SAL ROSA FINO 1KG BR  SPICES;UN;
SAL DE CURA Tipo2 - Kg;KG;
SAL DE CURA Tipo1 - Kg;KG;
BOLACHA ARROZ PIMENTA KG;KG;
TEMPERO BAIANO C/ PIMENTA RAIZEIRO KG;KG;
MASSALA REGIME VICTORIA KG;KG;
MASSALA DOCE VICTORIA KG;KG;
TEMPERO EDU GUEDES RAIZEIRO KG;KG;
TEMPERO EDU GUEDES FIT KG;KG;
CURCUMA CONDIM MOIDA KG;KG;
PIMENTA CHIPOTLE CONDIM MOIDA KG;KG;
SALAMINHO ITALIANO KG;KG;
SALAME AZEITONA DEFUMADO KG;KG;
SALAME LIMAO NOBRE DEFUMADO KG;KG;
SALSA PARRILHA KG;KG;
SALVIA IMPORTADA KG;KG;
SOPA CREME DE AIPO SALSAO KG;KG;
TEA MASALA KG;KG;
TEMPERO KING MASALA KG;KG;
TEMPERO BARBECUE SPICE MIX KG;KG;
TEMPERO FIVE SPICES POWDER KG;KG;
TEMPERO MENUDO MIX KG;KG;
TEMPERO FAJITA POWDER MIX KG;KG;
SAL DO HIMALAIA GROSSO KG;KG;
TEMPERO KARE KARE KG;KG;
TEMPERO VEGETA MIX KG;KG;
TEMPERO TANDOORI MASALA KG;KG;
TEMPERO SABJI MASALA KG;KG;
TEMPERO RASAM KG;KG;
TEMPERO MAGIC SARAP MIX KG;KG;
TEMPERO MUTTON MASALA KG;KG;
TEMPERO MIX MASALA KG;KG;
TEMPERO MASALA KORMA KG;KG;
TEMPERO KITCHEN KING MASALA KG;KG;
TEMPERO JAL JEERA MASALA KG;KG;
TEMPERO FISH MASALA KG;KG;
TEMPERO CURRY FISH MASALA KG;KG;
TEMPERO CHOLE MASALA KG;KG;
TEMPERO CHAAT MASALA KG;KG;
TEMPERO CALDERETA MIX KG;KG;
TEMPERO CAJUN SPICE KG;KG;
TEMPERO BIRYANI CHICKEN MASALA KG;KG;
TEMPERO AFRITADA MIX KG;KG;
TEMPERO TIKKA CHICKEN MASALA KG;KG;
TEMPERO SINIGANG MIX KG;KG;
TEMPERO SAMBAR MASALA KG;KG;
TEMPERO PAV BHAJI MASALA KG;KG;
TEMPERO NIHARI MASALA KG;KG;
TEMPERO MEAT MASALA KG;KG;
TEMPERO GARAM MASALA KG;KG;
TEMPERO CURRY MEAT KG;KG;
TEMPERO CHICKEN MASALA KG;KG;
TEMPERO CHANA MASALA KG;KG;
TEMPERO BIRYANI MASALA KG;KG;
TEMPERO LUJAT MASALA POWDER KG;KG;
TEMPERO ADOBO MIX KG;KG;
TEMPERO PALABOK KG;KG;
BISCOITO DE LINHACA LIMAO E PIMENTA KG;KG;
SALAME PERDIGAO KG;KG;
SALAME SADIA KG;KG;
SALAME SEARA KG;KG;
SALAME AURORA KG;KG;
QUEIJO RICOTA C/SAL CURRAL DE MINAS KG;KG;
SALGADO GALETO KG;KG;
SALGADO DE BACON KG;KG;
SALGADO DE QUEIJO KG;KG;
TEMPERO GAUCHO KG;KG;
TEMPERO DA ESPOSA KG;KG;
TEMPERO PEGA ESPOSA KG;KG;
SAL MOIDO IODADO 1kg NATURAL LIFE;UN;
BATATA CEBOLA/SALSA KG;KG;
PIMENTA CHILLI PO KG;KG;
TEMPERO DRY RUB KG;KG;
BACALHAU LOMBO DESSALGADO KG;KG;
SALMÃO KG;KG;
SAL MARINHO MOIDO 1KG SMART;UN;
PISTACHE C/CASCA TORR SALG CRISTALIZADO KG;KG;
SAL REFINADO C/ LIMAO KG;KG;
PERI PERI RED CHILLI MASALA POWDER KG;KG;
TEMPERO FLAVOR SEASONING MIX KG;KG;
PIMENTAO VERDE FLOCOS KG;KG;
ACIDO CITRICO KG CITRIC ACID (SOUR SALT);KG;
TORRADA CHIMICHURRI S/PIMENTA KG;KG;
SALGUEIRO FOLHA KG;KG;
SALGUEIRO RASURADO KG;KG;
TORRADA DE ALHO/CEBOLA/SALSA KG;KG;
COMINHO COM PIMENTA EM PO KG;KG;
SAL GROSSO C/ ALHO GRANULADO KG;KG;
MIX INGREDIENTES SALGADOS 1,5kg SEARA;UN;
BACALHAU LOMBO SALG KG;KG;
TEMPERO MIX C/ PIMENTA KG;KG;
TEA MASALA KG;KG;
SAL ATLANTIS MOIDO INT 1kg JASMINE;UN;
TEMPERO BAIANO S/ PIMENTA RAIZEIRO KG;KG;
BACALHAU SALGADO FILE PEDACOS 1KG BACALANOR;UN;
BACALHAU SALGADO FILE PEDACOS 1KG BACALANOR;UN;
MILHO TOR/SALG KG RAIZEIRO;KG;
PISTACHE C/SAL C/CAS KG RAIZEIRO;KG;
TEMPERO CURRY MEAT KG;KG;
LIMAO ERVAS FINAS KG;KG;
HIBISCO EM PO KG;KG;
ERVA DOCE TURCA KG;KG;
BOLDO DO CHILE KG;KG;
FLOR DE CAMOMILA KG;KG;
FLOR DE HIBISCO KG;KG;
SOJA TORRADA ERVAS FINAS KG;KG;
ERVAS FINAS KG;KG;
AZEITONA PRETA S/C CONSERVA KG;KG;
AZEITONA PRETA PORTUGUESA CONSERVA KG;KG;
AZEITONA VERDE GORDAL CONSERVA KG;KG;
AZEITONA VERDE S/CAROC CONSERVA KG;KG;
COGUMELO INTEIRO CONSERVA KG;KG;
AZEITONA PRETA AZAPA CONSERVA KG;KG;
AZEITONA VERDE FATIADA CONSERVA KG;KG;
COGUMELO FATIADO CONSERVA KG;KG;
ERVA MATE CHIMARRAO 1KG PORTO VITORIA;UN;
TRINTA ERVAS KG;KG;
AZEITONA VERDE EXTRA GRAUDA CONSERVA KG;KG;
ERVA MATE NATURAL KG;KG;
ANIL ERVAS KG;KG;
ERVA DE SAO JOAO KG;KG;
ERVA TOSTAO KG;KG;
ERVA DE BICHO KG;KG;
ERVA DE PASSARINHO KG;KG;
GERVAO KG;KG;
ERVA CIDREIRA KG;KG;
ERVA BALEEIRA KG;KG;
PALMITO EM CONSERVA TOLETE KG;KG;
PALMITO EM CONSERVA PICADO KG;KG;
ERVA MATE ORGANICA 1KG BARAO;UN;
ERVA SANTA MARIA KG;KG;
ERVA COMIGO NINGUEM PODE KG;KG;
MINI MILHO EM CONSERVA DON PEPE KG;KG;
ERVA MATE GROSSA KG;KG;
ERVA MATE PREMIUM 1kg BARAO;UN;
ERVA MATE MOIDA GROSSA 1kg BARAO;UN;
ERVA BOTAO KG;KG;
AZEITONA PRETA S/C AZAPA CONSERVA KG;KG;
MINI MILHO EM CONSERVA 2KG DON PEPE CANNED CORN BABY (YOUNG CORN) IN PAIL;KG;
ERVA JAVA KG;KG;
ERVA MATE TRAD A VACUO 1kg BARAO;UN;
ERVA MATE TERERE KG;KG;
ERVA MATE FINA KG;KG;
CEBOLINHA CONSERVA KG;KG;
7 ERVAS KG;KG;
CAST CAJU BANDA TOR S/SAL KG;KG;
XEREM DE AMENDOIM KG;KG;
AMENDOIM C/CASCA CRU KG;KG;
AMENDOIM CRU VERM C/PELE KG;KG;
AMENDOA CONFEITADA COLORIDA KG;KG;
NOZES QUARTILHOS KG;KG;
NOZES QUARTZ EXTRA KG;KG;
BOMBOM RECH AMENDOIM KG;KG;
CAST CAJU W3 TOR S/SAL KG;KG;
AMENDOIM CROC SALSA CEBOLA KG;KG;
AMENDOIM CROCANTE PIMENTA KG;KG;
AMENDOIM CROCANTE KG;KG;
COOKIES CASTANHA KG;KG;
AMENDOIM JAPONES KG;KG;
AMENDOIM DOCE PRALINE KG;KG;
CAST DO PARA QUEBRADA KG;KG;
CASTANHA DO PARA MEDIA KG;KG;
PASTA DE AMENDOIM CHOC/AVELA 1.005kg POWER ONE;UN;
PASTA DE AMENDOIM CROCANTE 1,005kg POWER 1ONE;UN;
PASTA DE AMENDOIM TRAD 1,005kg POWER 1ONE;UN;
NOZ MOSCADA FECULADA KG;KG;
CAST CAJU CARAM GERG KG;KG;
CAST DE CAJU JUMBO TOR S/SAL SLW1 KG;KG;
AMENDOA CRUA S/CASCA KG;KG;
NOZES PECAN AGRIDOCE KG;KG;
PASTA DE AMENDOIM COM GRANULADO 1.02KG MANDUBIM;UN;
PASTA DE AMENDOIM INTEGRAL 1.02KG MANDUBIM;UN;
AMENDOIM RUNNER CRU KG;KG;
CASTANHA DO PARA LARGE KG;KG;
CAST DE CAJU TOR S/SAL W1 KG;KG;
NOZ MOSCADA INT (Kg);KG;
NOZES C/CASCA KG;KG;
CAST DE CAJU W3 TOR SALG KG;KG;
CASTANHA PORTUGUESA KG;KG;
PASTA DE AMENDOIM SELECT 1KG;UN;
KIT AMENDOIM RAIZEIRO KG;KG;
CAST DO PARA PARTIDA KG;KG;
AMENDOA TORRADA SEM SAL KG;KG;
MIX DE CASTANHAS NUTS KG;KG;
AMENDOIM GRAUDO TORR/SALG C/PELE KG;KG;
AMENDOIM TORR S/PELE S/SAL KG;KG;
AMENDOIM COM ALHO KG;KG;
AMENDOIM SALG TORR S/PELE KG;KG;
NOZES MARIPOSA SELECIONADAS EXT KG;KG;
AMENDOAS LAMINADAS KG;KG;
CASTANHA DE BARU KG;KG;
CONFEITOS DE AMENDOA CHOCOLATE KG;KG;
PASTA DE AMENDOIM COOKIES/CREAM 1.005KG VITAPOWER;UN;
PASTA DE AMENDOIM INTEG AVELA/CACAU 1,02KG MANDUBIM;UN;
PASTA DE AMENDOIM DUO 1.02KG MANDUBIM;UN;
PASTA DE AMENDOIM C/ CHOC AMARGO 1.02KG MANDUBIM;UN;
PASTA DE AMENDOIM C/ CHOC BRANCO 1.02KG MANDUBIM;UN;
PASTA DE AMENDOIM COM CAFE 1.02KG MANDUBIM;UN;
AMENDOA DEFUMADA KG;KG;
OVINHOS DE AMENDOIM KG;KG;
NOZES PECAN KG;KG;
MIX DE CASTANHAS AGRIDOCE KG;KG;
CAST DE CAJU W4 SEM SAL KG;KG;
CAST DE CAJU W4 TORR SALG KG;KG;
CAST DE CAJU CARAMELIZA C/ COCO KG;KG;
CAST CAJU W1 CRUA KG;KG;
AMENDOIM CRU SEM PELE KG;KG;
AMENDOA TORR SALG KG;KG;
PASTA DE AMENDOIM PRESS CREAM 1.005KG VITAPOWER;UN;
PASTA DE AMENDOIM INTEG CROC 1.005KG VITAPOWER;UN;
PASTA DE AMENDOIM SHOT PROTEIN 1.005KG VITAPOWER;UN;
PASTA DE AMENDOIM INTEGRAL 1.005KG VITAPOWER;UN;
PASTA DE AMENDOIM BROWNIE CREAM 1.005KG VITAPOWER;UN;
PASTA DE AMENDOIM GRANULADA SELECT 1KG;UN;
AMENDOIM COM CASCA TORRADO RUNNER KG;KG;
CASTANHA DE BARU ASSADA E LEVEMENTE SALGADA KG;KG;
XEREM AMENDOAS KG;KG;
WAFER RECH. CAST.CAJU/CANELA COB CHOC KG;KG;
AMENDOIM TORRADO S/ SAL KG;KG;
BOMBOM COB CHOC RECH AMENDOIM KG;KG;
AMENDOIM JAPONES PICAN KG;KG;
CASTANHA DA INDIA PO KG;KG;
NOZ DE COLA KG;KG;
HI - BLEND PROTEIN AMENDOIM 1.8 KG LEADER NUTRI;UN;
CAST CAJU BANDA TOR SALG KG;KG;
MIX DE AMENDOIM COLORIDO KG;KG;
CAST DE CAJU JUMBO TOR SALG SLW1 KG;KG;
MINI WAFER RECH CASTANHA CAJU E CANELA CHOC KG;KG;
NOZ MOSCADA PO KG;KG;
MIX DE CASTANHA TRADICIONAL KG;KG;
CASTANHA DE CAJU ASSADO KG;KG;
BOLACHA AMENDOA SHOW C/ AVELA KG;KG;
CONFEITO DE AMENDOIM KG;KG;
CONFEITO DE CAST DE CAJU KG;KG;
CASTANHA DO PARA MIUDA KG;KG;
CAST DE CAJU TOR SALG W1 KG;KG;
GINKGO BILOBA+CAST DA INDIA 60CAPS 500mg 4ELEMENTOS;UN;
MIX CASTANHAS KG;KG;
CAST DA INDIA QUEBRADA KG;KG;
QUEIJO MUSSARELA NOZINHO CURRAL DE MINAS KG;KG;
NOZ MOSCADA EM PO KG NUTMEG POWDER;KG;
AMENDOIM RUNNER CRU KG PEANUTS RAW WITHOUT SHELL;KG;
CAST CAJU W1 CRUA KG CASHEW NUTS RAW;KG;
CAST DE CAJU W3 S/SAL KG;KG;
CREME DE AMENDOIM CHOC BRANCO 1.005kg POWER ONE;UN;
MIX DE AMENDOIM KG;KG;
CASTANHA DE CAJU COM SAL W3 KG;KG;
CASTANHA PARA GRAUDA KG;KG;
AMENDOA LAMINADA KG;KG;
CASTANHA DO PARA LARGE RAIZEIRO KG;KG;
AMENDOIM OVINHOS RAIZEIRO KG;KG;
CASTANHA PARA KG;KG;
